Tanggal,Prediksi,CI_Bawah_95,CI_Atas_95,Aset,Ticker
2026-05-22,4534.609282524278,4463.798145879787,4605.420419168769,Emas,GC=F
2026-05-25,4537.988673449676,4439.302202839368,4636.675144059984,Emas,GC=F
2026-05-26,4539.87844941983,4424.01618450492,4655.74071433474,Emas,GC=F
2026-05-27,4541.677646359517,4408.743755402568,4674.611537316466,Emas,GC=F
2026-05-28,4543.476843299204,4395.426938541737,4691.526748056671,Emas,GC=F
2026-05-29,4545.276040238892,4383.516560663703,4707.035519814081,Emas,GC=F
2026-06-01,4547.07523717858,4372.680615225444,4721.4698591317165,Emas,GC=F
2026-06-02,4548.874434118267,4362.700217052858,4735.048651183677,Emas,GC=F
2026-06-03,4550.6736310579545,4353.422030218672,4747.925231897237,Emas,GC=F
2026-06-04,4552.4728279976425,4344.733691176001,4760.211964819284,Emas,GC=F
2026-06-05,4554.27202493733,4336.549945438852,4771.9941044358075,Emas,GC=F
2026-06-08,4556.071221877017,4328.804288877773,4783.338154876261,Emas,GC=F
2026-06-09,4557.870418816705,4321.443656861498,4794.297180771911,Emas,GC=F
2026-06-10,4559.669615756392,4314.424903881977,4804.914327630807,Emas,GC=F
2026-06-11,4561.468812696079,4307.712386893488,4815.2252384986705,Emas,GC=F
2026-06-12,4563.268009635767,4301.2762567696755,4825.259762501859,Emas,GC=F
2026-06-15,4565.067206575455,4295.091219673679,4835.043193477231,Emas,GC=F
2026-06-16,4566.866403515142,4289.135619414191,4844.597187616094,Emas,GC=F
2026-06-17,4568.6656004548295,4283.390744620898,4853.940456288761,Emas,GC=F
2026-06-18,4570.4647973945175,4277.840296874121,4863.089297914914,Emas,GC=F
2026-06-19,4572.263994334205,4272.4699763175795,4872.05801235083,Emas,GC=F
2026-06-22,4574.063191273892,4267.267154512831,4880.859228034952,Emas,GC=F
2026-06-23,4575.86238821358,4262.220613084636,4889.5041633425235,Emas,GC=F
2026-06-24,4577.661585153268,4257.320332674328,4898.002837632208,Emas,GC=F
2026-06-25,4579.460782092954,4252.557320848633,4906.364243337275,Emas,GC=F
2026-06-26,4581.259979032642,4247.923470520211,4914.596487545074,Emas,GC=F
2026-06-29,4583.05917597233,4243.411442517506,4922.706909427155,Emas,GC=F
2026-06-30,4584.858372912017,4239.014567452471,4930.702178371564,Emas,GC=F
2026-07-01,4586.6575698517045,4234.726763146065,4938.5883765573435,Emas,GC=F
2026-07-02,4588.4567667913925,4230.542464699086,4946.371068883699,Emas,GC=F
2026-05-21,77426.190482336,74438.74016490002,80413.64079977197,Bitcoin,BTC-USD
2026-05-22,77430.95597462688,73307.89509830845,81554.0168509453,Bitcoin,BTC-USD
2026-05-23,77426.47371548387,72411.0378285951,82441.90960237263,Bitcoin,BTC-USD
2026-05-24,77426.47371548387,71664.56274322476,83188.38468774298,Bitcoin,BTC-USD
2026-05-25,77426.47371548387,71004.27479541075,83848.67263555698,Bitcoin,BTC-USD
2026-05-26,77426.47371548387,70405.81421044187,84447.13322052587,Bitcoin,BTC-USD
2026-05-27,77426.47371548387,69854.50694307362,84998.44048789411,Bitcoin,BTC-USD
2026-05-28,77426.47371548387,69340.7021555625,85512.24527540524,Bitcoin,BTC-USD
2026-05-29,77426.47371548387,68857.65100545062,85995.29642551711,Bitcoin,BTC-USD
2026-05-30,77426.47371548387,68400.41457803469,86452.53285293304,Bitcoin,BTC-USD
2026-05-31,77426.47371548387,67965.24945699183,86887.6979739759,Bitcoin,BTC-USD
2026-06-01,77426.47371548387,67549.23799964583,87303.7094313219,Bitcoin,BTC-USD
2026-06-02,77426.47371548387,67150.05379885071,87702.89363211702,Bitcoin,BTC-USD
2026-06-03,77426.47371548387,66765.80641837142,88087.14101259632,Bitcoin,BTC-USD
2026-06-04,77426.47371548387,66394.93492271015,88458.01250825758,Bitcoin,BTC-USD
2026-06-05,77426.47371548387,66036.13267347729,88816.81475749044,Bitcoin,BTC-USD
2026-06-06,77426.47371548387,65688.2928525917,89164.65457837604,Bitcoin,BTC-USD
2026-06-07,77426.47371548387,65350.46813057641,89502.47930039132,Bitcoin,BTC-USD
2026-06-08,77426.47371548387,65021.840234261435,89831.10719670629,Bitcoin,BTC-USD
2026-06-09,77426.47371548387,64701.69659679873,90151.250834169,Bitcoin,BTC-USD
2026-06-10,77426.47371548387,64389.41217397992,90463.5352569878,Bitcoin,BTC-USD
2026-06-11,77426.47371548387,64084.43509487909,90768.51233608864,Bitcoin,BTC-USD
2026-06-12,77426.47371548387,63786.27520261545,91066.67222835228,Bitcoin,BTC-USD
2026-06-13,77426.47371548387,63494.49480410139,91358.45262686635,Bitcoin,BTC-USD
2026-06-14,77426.47371548387,63208.70112959847,91644.24630136926,Bitcoin,BTC-USD
2026-06-15,77426.47371548387,62928.540130979396,91924.40729998834,Bitcoin,BTC-USD
2026-06-16,77426.47371548387,62653.6913391862,92199.25609178153,Bitcoin,BTC-USD
2026-06-17,77426.47371548387,62383.86356783332,92469.08386313441,Bitcoin,BTC-USD
2026-06-18,77426.47371548387,62118.79129877076,92734.15613219696,Bitcoin,BTC-USD
2026-06-19,77426.47371548387,61858.23162179532,92994.71580917241,Bitcoin,BTC-USD
2026-05-22,97.56856874091648,92.41054162832626,102.7265958535067,Minyak,CL=F
2026-05-25,97.75470274796612,91.21744263877895,104.2919628571533,Minyak,CL=F
2026-05-26,98.11800422982192,90.59596042855931,105.64004803108453,Minyak,CL=F
2026-05-27,98.12467904765336,89.7806519509584,106.46870614434832,Minyak,CL=F
2026-05-28,98.36063609677778,89.33051932518438,107.39075286837118,Minyak,CL=F
2026-05-29,98.29012459263252,88.63012529010369,107.95012389516135,Minyak,CL=F
2026-06-01,98.46712803186767,88.24800745777812,108.68624860595723,Minyak,CL=F
2026-06-02,98.36474556836009,87.61032438519517,109.11916675152501,Minyak,CL=F
2026-06-03,98.51323093488104,87.2692641707295,109.75719769903257,Minyak,CL=F
2026-06-04,98.39901385148578,86.6766774277325,110.12135027523905,Minyak,CL=F
2026-06-05,98.53256696128729,86.36566746945685,110.69946645311772,Minyak,CL=F
2026-06-08,98.41533356585795,85.80933959080795,111.02132754090795,Minyak,CL=F
2026-06-09,98.54005869020084,85.52206334311163,111.55805403729005,Minyak,CL=F
2026-06-10,98.42365040639262,84.9962480125972,111.85105280018804,Minyak,CL=F
2026-06-11,98.54232859003223,84.72832052357252,112.35633665649193,Minyak,CL=F
2026-06-12,98.4283801258108,84.22877611456059,112.62798413706102,Minyak,CL=F
2026-06-15,98.54231501123071,83.97688982417445,113.10774019828698,Minyak,CL=F
2026-06-16,98.43148387215513,83.50030787202056,113.3626598722897,Minyak,CL=F
2026-06-17,98.54132107827685,83.26187967214861,113.8207624844051,Minyak,CL=F
2026-06-18,98.43383323513453,82.80560972255971,114.06205674770935,Minyak,CL=F
2026-06-19,98.53992412684634,82.5785866565798,114.50126159711289,Minyak,CL=F
2026-06-22,98.4358161482443,82.1404690561549,114.7311632403337,Minyak,CL=F
2026-06-23,98.53837937303625,81.92319965225514,115.15355909381736,Minyak,CL=F
2026-06-24,98.43760583072442,81.50145018440215,115.3737614770467,Minyak,CL=F
2026-06-25,98.53679908823109,81.29259189540858,115.7810062810536,Minyak,CL=F
2026-06-26,98.43928016351661,80.88571778424823,115.992842542785,Minyak,CL=F
2026-06-29,98.53523212805626,80.68416832190475,116.38629593420778,Minyak,CL=F
2026-06-30,98.44087467756506,80.29090573358442,116.5908436215457,Minyak,CL=F
2026-07-01,98.53369923169711,80.09575150657088,116.97164695682335,Minyak,CL=F
2026-07-02,98.44240607469982,79.71501852743681,117.16979362196282,Minyak,CL=F
2026-05-22,305.09398218433176,299.21018733306437,310.97777703559916,Apple,AAPL
2026-05-25,305.07915844349395,296.70623810364776,313.45207878334014,Apple,AAPL
2026-05-26,304.99763361383003,294.67857698369875,315.3166902439613,Apple,AAPL
2026-05-27,304.97391366139874,293.1130112600884,316.8348160627091,Apple,AAPL
2026-05-28,304.9927673369192,291.82776728287666,318.15776739096174,Apple,AAPL
2026-05-29,305.04297673679605,290.73121671584045,319.35473675775165,Apple,AAPL
2026-06-01,305.1162798098509,289.76967222947894,320.4628873902228,Apple,AAPL
2026-06-02,305.20659150738487,288.9088882212873,321.5042947934824,Apple,AAPL
2026-06-03,305.3094301556748,288.12579502792926,322.4930652834204,Apple,AAPL
2026-06-04,305.4214949759832,287.4042408255362,323.4387491264302,Apple,AAPL
2026-06-05,305.5403549255909,286.73257923216653,324.3481306190153,Apple,AAPL
2026-06-08,305.66421952741007,286.10220830206424,325.2262307527559,Apple,AAPL
2026-06-09,305.791770084662,285.5066418008592,326.0768983684648,Apple,AAPL
2026-06-10,305.92203536950706,284.94089706901144,326.9031736700027,Apple,AAPL
2026-06-11,306.0543000669981,284.40108015287785,327.70751998111837,Apple,AAPL
2026-06-12,306.18803734352036,283.88409835099526,328.49197633604547,Apple,AAPL
2026-06-15,306.3228591830554,283.387457410044,329.2582609560668,Apple,AAPL
2026-06-16,306.4584798095511,282.90911623768267,330.0078433814195,Apple,AAPL
2026-06-17,306.5946887472845,282.4473814182034,330.74199607636564,Apple,AAPL
2026-06-18,306.73133097966286,282.0008296954079,331.4618322639178,Apple,AAPL
2026-06-19,306.86829233606494,281.56825036368895,332.16833430844093,Apple,AAPL
2026-06-22,307.0054887291646,281.14860199301904,332.86237546531015,Apple,AAPL
2026-06-23,307.14285822815776,280.7409795808285,333.54473687548705,Apple,AAPL
2026-06-24,307.28035522064727,280.34458936101873,334.2161210802758,Apple,AAPL
2026-06-25,307.41794611283757,279.958729286878,334.87716293879714,Apple,AAPL
2026-06-26,307.5556061627032,279.58277375504275,335.5284385703637,Apple,AAPL
2026-06-29,307.6933171475986,279.21616152671857,336.1704727684786,Apple,AAPL
2026-06-30,307.8310656464392,278.8583860798856,336.8037452129928,Apple,AAPL
2026-07-01,307.96884177451847,278.5089878257446,337.4286957232923,Apple,AAPL
2026-07-02,308.10663825169263,278.16754776718096,338.0457287362043,Apple,AAPL
2026-05-22,419.0791170284487,408.73434330924755,429.42389074764986,Microsoft,MSFT
2026-05-25,419.1546068116834,404.83607096399635,433.4731426593704,Microsoft,MSFT
2026-05-26,419.0896946481902,401.83014920473124,436.3492400916491,Microsoft,MSFT
2026-05-27,419.14180387655523,399.24435653857824,439.0392512145322,Microsoft,MSFT
2026-05-28,419.09997239945335,396.9689160505793,441.2310287483274,Microsoft,MSFT
2026-05-29,419.1335532551181,394.90595988102626,443.36114662920994,Microsoft,MSFT
2026-06-01,419.1065957115337,393.00101646163165,445.2121749614358,Microsoft,MSFT
2026-06-02,419.1282362904207,391.2326308327379,447.0238417481035,Microsoft,MSFT
2026-06-03,419.1108639859636,389.562434358353,448.65929361357416,Microsoft,MSFT
2026-06-04,419.1248098680829,387.98909031436665,450.2605294217991,Microsoft,MSFT
2026-06-05,419.1136145987066,386.484654864593,451.7425743328202,Microsoft,MSFT
2026-06-08,419.1226017717901,385.05277001725506,453.1924335263251,Microsoft,MSFT
2026-06-09,419.11538718165224,383.67326080829184,454.55751355501263,Microsoft,MSFT
2026-06-10,419.12117880382016,382.35016032924096,455.89219727839935,Microsoft,MSFT
2026-06-11,419.11652949087306,381.06903962507147,457.16401935667466,Microsoft,MSFT
2026-06-12,419.1202617976868,379.8330604665725,458.4074631288011,Microsoft,MSFT
2026-06-15,419.1172656315198,378.6319522365241,459.60257902651546,Microsoft,MSFT
2026-06-16,419.1196708495654,377.4678422122631,460.7714994868677,Microsoft,MSFT
2026-06-17,419.117740024129,376.3334190261813,461.9020610220767,Microsoft,MSFT
2026-06-18,419.1192900236697,375.229944191751,463.0086358555884,Microsoft,MSFT
2026-06-19,419.1180457379197,374.1521899088856,464.08390156695384,Microsoft,MSFT
2026-06-22,419.1190446072657,373.1007822494713,465.13730696506013,Microsoft,MSFT
2026-06-23,419.1182427496776,372.07195214577143,466.1645333535838,Microsoft,MSFT
2026-06-24,419.11888645307505,371.06589385041764,467.17187905573246,Microsoft,MSFT
2026-06-25,419.1183697103641,370.07985791186206,468.15688150886615,Microsoft,MSFT
2026-06-26,419.11878453344934,369.1137627987973,469.12380626810136,Microsoft,MSFT
2026-06-29,419.11845152789664,368.1655730077415,470.0713300480518,Microsoft,MSFT
2026-06-30,419.11871885317834,367.2350422903654,471.00239541599126,Microsoft,MSFT
2026-07-01,419.118504253735,366.32063746185287,471.91637104561715,Microsoft,MSFT
2026-07-02,419.11867652670816,365.4220228466756,472.8153302067407,Microsoft,MSFT
2026-05-21,2126.387449966152,1936.316380938765,2316.458518993539,Ethereum,ETH-USD
2026-05-22,2127.037467445273,1865.5157622813877,2388.559172609158,Ethereum,ETH-USD
2026-05-23,2125.71316709745,1807.2294953555115,2444.1968388393884,Ethereum,ETH-USD
2026-05-24,2126.9571285622937,1758.409495019167,2495.5047621054205,Ethereum,ETH-USD
2026-05-25,2126.629401492548,1713.946913498496,2539.3118894865997,Ethereum,ETH-USD
2026-05-26,2126.4095388279165,1676.5070092675223,2576.3120683883108,Ethereum,ETH-USD
2026-05-27,2126.202675279852,1640.017918859799,2612.387431699905,Ethereum,ETH-USD
2026-05-28,2126.97365389937,1606.404610242752,2647.5426975559885,Ethereum,ETH-USD
2026-05-29,2126.439555278697,1574.950506790292,2677.928603767102,Ethereum,ETH-USD
2026-05-30,2126.2714799371442,1545.811390435374,2706.7315694389144,Ethereum,ETH-USD
2026-05-31,2126.602668480424,1517.0421406350406,2736.163196325808,Ethereum,ETH-USD
2026-06-01,2126.7900815787407,1490.0622637676113,2763.51789938987,Ethereum,ETH-USD
2026-06-02,2126.2586474133927,1464.3196837498213,2788.197611076964,Ethereum,ETH-USD
2026-06-03,2126.440674588447,1439.461898155323,2813.419451021571,Ethereum,ETH-USD
2026-06-04,2126.7547804854353,1415.1320322754127,2838.377528695458,Ethereum,ETH-USD
2026-06-05,2126.5171628563603,1392.0048450182383,2861.029480694482,Ethereum,ETH-USD
2026-06-06,2126.2818744890906,1369.5272717196965,2883.0364772584844,Ethereum,ETH-USD
2026-06-07,2126.648791764695,1347.5467115762967,2905.7508719530933,Ethereum,ETH-USD
2026-06-08,2126.663933446207,1326.1721598563724,2927.1557070360413,Ethereum,ETH-USD
2026-06-09,2126.3488633371585,1305.5405337951781,2947.157192879139,Ethereum,ETH-USD
2026-06-10,2126.455842538676,1285.2880405245369,2967.6236445528148,Ethereum,ETH-USD
2026-06-11,2126.7122776492392,1265.4635280890845,2987.961027209394,Ethereum,ETH-USD
2026-06-12,2126.485641729678,1246.159793625703,3006.8114898336526,Ethereum,ETH-USD
2026-06-13,2126.3639322648546,1227.3097727837444,3025.418091745965,Ethereum,ETH-USD
2026-06-14,2126.6177499600126,1208.7566959624146,3044.4788039576106,Ethereum,ETH-USD
2026-06-15,2126.620926533558,1190.5895366125173,3062.6523164545983,Ethereum,ETH-USD
2026-06-16,2126.3824749114924,1172.8124255752464,3079.9525242477384,Ethereum,ETH-USD
2026-06-17,2126.49112620985,1155.3489520287335,3097.6333003909663,Ethereum,ETH-USD
2026-06-18,2126.6568729191476,1138.1551152446725,3115.1586305936225,Ethereum,ETH-USD
2026-06-19,2126.4852986474166,1121.2794319273237,3131.6911653675097,Ethereum,ETH-USD
